Country_Name,Country_Code,Quarter,Goods Balance,Services Balance,Primary Income,Secondary Income,Current Account,Capital Account,Direct Investment,Portfolio Investment,Financial Derivatives,Other Investment,Financial Account,Net Errors & Omissions,Net lending/borrowing,Reserve Assets
Argentina,ARG,1990Q1,1935.0,-236.0,-1035.0,258.0,922.0,0.0,-66.0,352.0,0.0,771.0,935.0,13.0,922.0,-1117.700331355672
Argentina,ARG,1990Q2,2420.0,-49.0,-1408.0,107.0,1070.0,0.0,-114.0,44.0,0.0,-74.0,1202.0,132.0,1070.0,513.418606622585
Argentina,ARG,1990Q3,2556.0,-118.0,-1021.0,286.0,1703.0,0.0,-213.0,96.0,0.0,1690.0,1781.0,78.0,1703.0,-739.943117789315
Argentina,ARG,1990Q4,1717.0,-271.0,-936.0,347.0,857.0,0.0,-1443.0,817.0,0.0,213.0,853.0,-4.0,857.0,726.856334473382
Argentina,ARG,1991Q1,1151.0,-597.0,-1001.0,215.0,-232.0,0.0,-180.0,252.0,0.0,517.0,-261.0,-29.0,-232.0,-1589.678851856233
Argentina,ARG,1991Q2,1778.0,-229.0,-1215.0,124.0,458.0,0.0,-440.0,62.0,0.0,220.0,348.0,-110.0,458.0,-140.0829542056014
Argentina,ARG,1991Q3,1375.0,-353.0,-811.0,194.0,405.0,0.0,-982.0,-332.0,0.0,938.0,483.0,78.0,405.0,-196.5002410969708
Argentina,ARG,1991Q4,115.0,-420.0,-1233.0,260.0,-1278.0,0.0,-837.0,-465.0,0.0,-1855.0,-1342.0,-64.0,-1278.0,1119.90340704574
Argentina,ARG,1992Q1,-70.6,-810.5,-632.262320424524,188.4,-1324.96232042452,1.3,-277.419080770035,-1672.52003541727,0.0,679.579317743627,-727.359798443683,596.302521980841,-1323.66232042452,380.9958616958428
Argentina,ARG,1992Q2,49.1,-492.7,-560.958924775179,202.4,-802.158924775178,0.2,-221.893380770035,-921.35774847468,0.0,-668.147986890218,-801.399116134933,0.559808640244722,-801.9589247751779,836.210828717482
Argentina,ARG,1992Q3,-681.2,-574.4,-584.030691749082,158.5,-1681.13069174908,13.8,-836.656380770035,-1473.37110858746,0.0,-767.698511561807,-2639.7260009193,-972.395309170221,-1667.33069174908,-165.3857476067501
Argentina,ARG,1992Q4,-694.7,-678.3,-606.402621673902,239.9,-1739.5026216739,0.4,-1929.09438077004,-792.876556878433,0.0,-271.921377376218,-1710.89231502469,28.2103066492128,-1739.1026216738999,841.955912819592
Argentina,ARG,1993Q1,-119.6,-1087.34,-686.097714047936,125.3,-1767.73771404794,1.2,-262.204352524568,-1093.02536273858,0.0,-108.306313713979,-966.536028977127,800.001685070809,-1766.53771404794,-965.887491225202
Argentina,ARG,1993Q2,11.4,-721.1,-704.841628327807,165.9,-1248.64162832781,0.1,-278.962352524568,-22991.664228802,0.0,21801.4097431406,-1817.21683818604,-568.675209858232,-1248.54162832781,8622.421654755644
Argentina,ARG,1993Q3,-882.8,-702.6,-727.499060936846,108.0,-2204.89906093685,14.4,-792.722352524568,-4542.33552737565,0.0,1151.5992969039,-2270.45858299632,-79.9595220594721,-2190.49906093685,1683.637528183002
Argentina,ARG,1993Q4,-1378.9,-808.3,-950.411536852387,153.0,-2984.61153685239,0.4,-754.126352524568,-5775.44697183556,0.0,-534.049448042373,-4875.6227724025,-1891.41123555012,-2984.21153685239,1781.967005675442
Argentina,ARG,1994Q1,-1468.2,-1305.1,-758.441182851308,84.5,-3447.24118285131,1.3,-397.371969566087,-2543.43867504678,0.0,-755.012937928088,-4232.82358254096,-786.882399689648,-3445.94118285131,-1119.72536753893
Argentina,ARG,1994Q2,-641.5,-760.7,-828.053164901866,158.2,-2072.05316490187,0.2,-676.680969566087,460.95741350195,0.0,-126.970448412249,-285.694004476387,1786.15916042548,-2071.85316490187,-82.8510922328844
Argentina,ARG,1994Q3,-984.9,-816.3,-872.813958266419,83.6,-2590.41395826642,15.5,-611.012969566087,-4114.90165230374,0.0,-126.813857010873,-5004.7284788807,-2429.81452061428,-2574.91395826642,-672.5019929149036
Argentina,ARG,1994Q4,-1040.9,-900.3,-1099.44466407503,170.9,-2869.74466407503,0.5,-937.021969566087,-3263.92508155533,0.0,-671.725032019562,-3558.67208314098,-689.427419065951,-2869.24466407503,1200.274255760505
Argentina,ARG,1995Q1,-304.3,-1195.7,-1126.11995794794,104.4,-2521.71995794794,0.0,-496.687981805422,1718.90486626975,0.0,1481.00096901695,-3191.78214651873,-670.062188570786,-2521.71995794794,-6043.848091143207
Argentina,ARG,1995Q2,1905.22,-715.1,-1217.39434967634,222.2,194.925650323655,0.1,-748.649430187126,-746.976760224705,0.0,-129.895938372632,767.477871215537,572.452220891882,195.025650323655,802.764763663372
Argentina,ARG,1995Q3,708.694,-733.6,-1097.60029514279,113.4,-1009.10629514279,13.4,-1164.35650750824,-1127.46053566776,0.0,-296.032671158362,-2308.84971433436,-1313.14341919157,-995.70629514279,29.1332604147257
Argentina,ARG,1995Q4,27.901,-771.8,-1194.95765152376,156.8,-1782.05665152375,0.7,-1702.58048406388,-2157.95711352324,0.0,-2316.40410727705,-3055.94170486418,-1274.58505334043,-1781.3566515237499,2900.619934613962
Argentina,ARG,1996Q1,126.6,-1160.91070894773,-1186.49015752066,92.3,-2128.5008664684,3.2,-1102.91487797914,-3796.20105436036,0.0,737.354207856145,-4015.76172448335,-1890.46085801496,-2125.3008664684003,-412.9477173402159
Argentina,ARG,1996Q2,1284.3,-722.417927167085,-1201.41113948261,153.2,-486.329066649693,-0.6,-613.240266166906,-1942.65156413786,0.0,828.536068267208,-457.355762037556,29.5733046121368,-486.929066649693,1300.495281749301
Argentina,ARG,1996Q3,315.1,-841.147872040668,-1176.19550408908,80.8,-1621.44337612975,44.5,-1625.88788538046,-1563.01138150639,0.0,1184.78264075607,-2433.11662613078,-856.173250001034,-1576.94337612975,-332.1514884747403
Argentina,ARG,1996Q4,25.4,-814.372915569715,-1900.63193566772,155.9,-2533.70485123743,3.7,-2005.74465712074,-2292.32804883708,0.0,-6.72668141328144,-1409.7993873711,1120.20546386633,-2530.00485123743,2702.283845695758
Argentina,ARG,1997Q1,-307.5,-1393.38017587149,-1476.66174139489,94.6746468446638,-3082.86727042172,6.7,-498.946007303914,-4317.46177150501,0.0,1221.6085397152,-3879.79923909372,-803.631968672,-3076.1672704217203,-324.2929098587438
Argentina,ARG,1997Q2,196.0,-917.027513812647,-1520.12575837009,156.95407188817,-2084.19920029456,0.0,-1005.0556274843,-1682.75294173093,0.0,757.474038483425,-380.334530731808,1703.86466956275,-2084.19920029456,1509.880413501978
Argentina,ARG,1997Q3,-706.5,-1133.38577255567,-1563.62801473196,101.355634403632,-3302.158152884,24.5,-1651.34300119974,-4134.09354660977,0.0,945.368148876816,-5219.06839893269,-1941.41024604869,-3277.658152884,-305.8513215670041
Argentina,ARG,1997Q4,-1314.6,-931.421775190915,-1584.69541525394,161.873218705726,-3668.84397173912,35.1,-2352.10941645665,-890.113794535382,0.0,-4034.06508819041,-4889.28829918244,-1255.54432744332,-3633.7439717391203,2450.810286699009
Argentina,ARG,1998Q1,-1202.9,-1451.79886733168,-1858.35697275844,90.8930073400265,-4422.1628327501,-3.2,-474.18155432733,-2670.49106178571,0.0,312.113502383794,-3662.55911372925,762.803719020849,-4425.3628327501,-572.775999834841
Argentina,ARG,1998Q2,-20.2,-937.914936993155,-1760.95928769032,130.035402420021,-2589.03882226345,31.9,-1385.26678939834,-2622.61500179432,0.0,-374.974675248883,-2951.85646644154,-394.717644178083,-2557.13882226345,1479.439975034796
Argentina,ARG,1998Q3,-918.0,-1076.5002736031,-1846.75613806046,94.1155376762942,-3747.14087398727,42.6,-1600.90962236921,-2164.19297259155,0.0,-1774.14848941858,-4380.25108437934,-675.710210392063,-3704.54087398727,1361.26300812552
Argentina,ARG,1998Q4,-981.1,-953.133896260759,-1938.44587155011,149.024254560622,-3723.65551325025,1.6,-1504.82216598668,-1330.47941322055,0.0,-2691.9298576477,-3849.23143685494,-127.175923604691,-3722.05551325025,1822.303271644539
Argentina,ARG,1999Q1,-465.1,-1355.19521096711,-1721.80051729416,105.990949094273,-3436.104779167,12.1,-3388.77793937637,232.538928052292,0.0,524.652606082747,-3639.78640524133,-215.781626074327,-3424.004779167,-765.7963012394617
Argentina,ARG,1999Q2,692.7,-808.839321900001,-1908.2050719585,102.046570698533,-1922.29782315997,2.2,-14264.3499398007,7495.29291106759,0.0,4245.00329685747,-2485.85373187563,-565.755908715663,-1920.09782315997,60.65491649791889
Argentina,ARG,1999Q3,-538.1,-989.053130328826,-1902.32379277259,105.739020227739,-3323.73790287368,66.7,-2736.42922116012,481.102726967327,0.0,1343.33053954535,-2788.59595464744,468.441948226234,-3257.03790287368,-1508.505633309643
Argentina,ARG,1999Q4,-504.9,-937.270392639183,-1958.04795499502,139.533524819057,-3260.68482281514,68.1,-1867.85628930557,-1424.0229679056,0.0,-4262.61779682135,-3506.99705403253,-314.412231217383,-3192.58482281514,4226.292930367191
Argentina,ARG,2000Q1,157.7,-1450.48890566972,-2047.50125449987,90.8380176736765,-3249.45214249591,25.9,-2008.90027299883,-1389.59682468913,0.0,-173.483230469723,-3997.58032815768,-774.028185661765,-3223.5521424959097,-92.2584114379538
Argentina,ARG,2000Q2,1358.1,-934.912152476602,-1900.61879352392,102.681531400589,-1374.74941459993,24.4,-886.586306224493,-1797.35655083184,0.0,2661.73548208891,1050.29262503258,2400.64203963251,-1350.34941459993,1310.644544263572
Argentina,ARG,2000Q3,498.8,-1035.98552577689,-1883.24571921324,99.2042870461584,-2321.22695794397,44.8,-6146.70728896576,4389.76873279642,0.0,-693.527706484862,-4646.66626265421,-2370.23930471024,-2276.4269579439697,-1767.645568790023
Argentina,ARG,2000Q4,433.5,-858.596888033346,-1716.40460138443,106.312111829969,-2035.1893775878,10.8,-475.092271615884,1380.79023666056,0.0,-3492.14782865671,-1477.04986361204,547.339513975765,-2024.3893775878,-627.198324435846
Argentina,ARG,2001Q1,489.1,-1484.82573650463,-1947.75575641242,114.12502994744,-2829.35646296962,54.8,-1562.43241671331,2475.52484821937,0.0,-961.295537232957,-3934.2031057269,-1159.64664275729,-2774.55646296962,-6439.901891861808
Argentina,ARG,2001Q2,2047.5,-1007.77737515511,-2090.41545501308,98.607683842248,-952.085146325939,-2.2,-732.919198345926,1294.93351687016,0.0,-2186.48678326481,-3063.57246474057,-2109.28731841463,-954.2851463259391,-2409.419388484677
Argentina,ARG,2001Q3,2320.7,-883.262741070641,-2089.20095343969,93.6554029728249,-558.1082915375,46.2,-621.937012033221,2179.79127310692,0.0,-125.241705276921,1171.31255579678,1683.22084733428,-511.9082915375,-6361.860270996589
Argentina,ARG,2001Q4,2512.9,-472.523503605437,-1599.35653744394,118.106700688837,559.126659639463,57.7,912.028484823626,3553.06964141538,0.0,1370.27951924272,-661.32235451827,-1278.14901415773,616.8266596394631,-6193.752352686813
Argentina,ARG,2002Q1,3769.0,-557.15,-2058.22,95.84,1249.47,37.9,-1754.59,1772.55,0.0,2543.77,375.13,-912.24,1287.3700000000001,-3894.125099586575
Argentina,ARG,2002Q2,4742.0,-365.95,-1966.59,120.6,2530.06,23.1,-209.5,1183.61,0.0,4185.39,2031.46,-521.7,2553.16,-4975.994563478767
Argentina,ARG,2002Q3,4545.5,-299.44,-1704.57,120.8,2662.29,149.0,475.6,-124.44,0.0,2493.01,2629.05,-182.24,2811.29,-1792.446127671777
Argentina,ARG,2002Q4,4104.7,-221.38,-1761.3,202.77,2324.79,196.11,-1287.56,1808.61,0.0,723.21,2258.37,-262.53,2520.9,-2739.892794355046
Argentina,ARG,2003Q1,4200.6,-401.6,-1914.74,111.89,1996.15,31.85,60.39,2003.04,0.0,-963.95,1169.12,-858.88,2028.0,-2630.816092321741
Argentina,ARG,2003Q2,5293.3,-291.09,-1869.9,143.47,3275.78,0.4,363.73,2145.27,0.0,-1664.12,2496.31,-779.87,3276.1800000000003,-1852.271802878576
Argentina,ARG,2003Q3,4029.5,-385.59,-2141.93,119.53,1621.51,35.6,299.25,588.85,0.0,-564.46,1559.61,-97.5,1657.11,-479.76589489999
Argentina,ARG,2003Q4,3292.8,-126.42,-2049.12,129.23,1246.49,2.2,-1601.6,3020.92,0.0,-445.39,1597.67,348.98,1248.69,-4114.503236956089
Argentina,ARG,2004Q1,2941.2,-351.12,-2190.2,115.85,515.73,3.3,-1524.21,3829.96,0.0,-2447.3,741.71,222.68,519.03,-4085.796276913255
Argentina,ARG,2004Q2,4186.4,-296.22,-2267.05,166.03,1789.16,3.2,-699.01,1121.18,0.0,-1347.02,1644.45,-147.91,1792.3600000000001,797.453527322571
Argentina,ARG,2004Q3,3267.0,-402.03,-2363.42,108.16,609.71,37.1,-773.05,2242.16,0.0,-1878.64,309.74,-337.07,646.8100000000001,-2300.139704721654
Argentina,ARG,2004Q4,2883.1,-294.72,-2462.14,170.95,297.19,152.7,-452.45,2222.31,0.0,-1672.67000563282,1244.48999436718,794.59999436718,449.89,-1404.90863428823
Argentina,ARG,2005Q1,2779.8,-311.25,-2465.68,122.61,125.48,47.0,-1045.28,3123.02,0.0,-2220.56,708.01,535.53,172.48000000000002,-2412.34572197608
Argentina,ARG,2005Q2,3511.6,-433.22,-1468.79,124.69,1734.28,3.3,-2099.96,-624.98,0.0,1947.16,2155.57,417.99,1737.58,4309.73584357736
Argentina,ARG,2005Q3,3838.45,-252.43,-1738.88,107.85,1954.99,37.4,59.21,-911.28,0.0,-176.66,1531.26,-461.13,1992.39,3463.300052481078
Argentina,ARG,2005Q4,3004.2,-41.93,-1632.01,128.74,1459.0,1.2,-868.16,-1200.3,0.0,633.68,1077.89,-382.31,1460.2,2292.757936950341
Argentina,ARG,2006Q1,2906.3,-215.224057727681,-2177.7488594003,189.939790660481,703.266873532502,10.4,-1375.7522158134,-2253.09621789303,-15.9568186753769,11059.781861427,781.036609045184,67.369735512682,713.666873532502,2963.971806692185
Argentina,ARG,2006Q2,4123.5,-320.291967439859,-2159.04006717335,272.426485792557,1916.59445117935,39.9,-672.391114497571,-1970.56478315304,-32.3651851740977,813.193860376086,1980.88277755137,24.3883263720254,1956.49445117935,3839.64787692299
Argentina,ARG,2006Q3,3255.5,-268.624010135983,-1690.74355227089,220.73404160154,1516.86647919467,45.4304121022431,-1116.86682116257,-802.528171834329,-37.9954260251855,659.816501122787,1232.3860821007,-329.910809196213,1562.2968912969131,2529.715072409298
Argentina,ARG,2006Q4,3744.3,41.1826084628115,-1695.07750405698,271.66961189218,2362.07471629801,1.89391570255773,66.3830858412053,-2213.20761585812,212.961965181665,1629.18798410554,3486.12541927029,1122.15678726972,2363.968632000568,3790.600104685195
Argentina,ARG,2007Q1,2424.5,-96.7307768281007,-1957.66188985221,231.694754102176,601.802087421871,11.5,-717.428792641087,-2299.26154157734,7.88817309237557,-174.591059326031,1476.29677954792,862.994692126047,613.302087421871,4659.591840091163
Argentina,ARG,2007Q2,3984.2,-361.949674149022,-1881.32894824595,285.26917757508,2026.19055518011,6.68319644540191,-702.354074195666,-5662.70370893534,26.8528357607342,960.15724002138,961.592292651113,-1071.2814589744,2032.873751625512,6339.527465010055
Argentina,ARG,2007Q3,2346.262,-482.472257949415,-1665.61993150223,251.095016123226,449.264826671577,102.210715522771,-1530.03204193125,1488.81716708212,-17.9536004130181,1597.68039845733,696.761923195183,145.286381000835,551.475542194348,-841.5452762181267
Argentina,ARG,2007Q4,4797.1,-40.3293147847394,-2090.0449938475,304.554732245369,2971.28042361313,0.751977000000001,-2019.10989201657,-994.814814093143,547.8,2298.78059038272,2764.795884273,-207.23651634013,2972.03240061313,2932.994768222015
Argentina,ARG,2008Q1,3860.4,-556.7722602209,-2254.53847392727,274.125298317276,1323.2145641691,43.631,-3137.00136673117,1033.61562451162,-12.4,1192.51157784982,2610.93583563028,1244.09027146117,1366.8455641691,3534.250188228238
Argentina,ARG,2008Q2,2942.3,-706.837441177241,-2229.82942429935,313.626659414817,319.259793938225,14.7511447920026,-1946.19189385618,2143.69337454994,59.9,1695.57675539155,-667.961763914693,-1001.97270264492,334.0109387302276,-2621.056873335819
Argentina,ARG,2008Q3,5658.472,-699.55743265897,-2226.49065358187,259.494906508216,2991.91882026738,123.8,-1854.0751498344,4012.07822025137,11.8,2415.12652099956,4535.49959141653,1419.78077114915,3115.71882026738,-49.38048577768559
Argentina,ARG,2008Q4,3102.1,-259.167892646136,-2323.3321482299,267.213191111418,786.813150235379,2.87787193487515,-1397.35013022537,689.201843996941,875.4,754.688805814439,75.4805195860174,-714.210502584237,789.6910221702542,-844.9810739410975
Argentina,ARG,2009Q1,3998.7,-630.80834364038,-2372.68264403296,195.482542041553,1190.69155436822,22.0682967734612,-1329.37577451031,826.394806487892,-0.9,1300.3478927295,1063.58692470708,-149.172926434598,1212.7598511416813,267.6242519694064
Argentina,ARG,2009Q2,6799.439,-350.034319718339,-2419.55557299339,267.975981005273,4297.82508829355,0.6,-581.000710879901,-29.5965457104192,3.1,4379.98261577663,3073.7653591863,-1224.65972910724,4298.42508829355,-698.657313538936
Argentina,ARG,2009Q3,3764.488,-722.801637866831,-2528.81222180185,191.847756565787,704.721896897103,54.7167318916649,-330.661602219941,817.147247557825,20.4,-1761.26173509422,556.713910243671,-202.724718545097,759.4386287887679,1799.157807222248
Argentina,ARG,2009Q4,4082.223,-288.387188378718,-2997.82456274477,264.865895501645,1060.87714437816,2.5991993196065,-1064.57443352826,539.1976282873,1225.7,1351.67322845762,2018.71642321666,955.240079518903,1063.4763436977664,-33.71131294578416
Argentina,ARG,2010Q1,2520.98035765,-570.607920341858,-3722.87549982267,139.983225437539,-1632.51983707698,17.275787489199,-3159.37029089772,-211.473092031758,23.4,1989.64892810145,-1661.39445482803,-46.1504052402456,-1615.2440495877809,-303.5438154008661
Argentina,ARG,2010Q2,5936.73909555,-564.182635874758,-3486.39476710186,215.221778620453,2101.38347119383,3.9,-1898.73739831721,-1082.57856257289,84.0250020335049,1730.36931165298,937.488352796391,-1167.79511839744,2105.28347119383,2104.352029109629
Argentina,ARG,2010Q3,3532.1404606,-533.911338392294,-3649.64685277466,122.182175200082,-529.235555366864,54.735,-2906.16744392378,-309.074953912127,-798.7,1918.55933168632,-816.583066149596,-342.082510782732,-474.500555366864,1278.508415084218
Argentina,ARG,2010Q4,2157.24938469,-134.886755302784,-3688.61608423777,103.629504849887,-1562.62395000067,2.56709724756904,-2403.68281290395,-1659.06700790035,-20.9829688881965,744.378670448889,-2261.61411924361,-701.557266490502,-1560.0568527531009,1077.416068686156
Argentina,ARG,2011Q1,2082.90228318,-851.719894852195,-3497.99128291491,24.6811318160188,-2242.12776277108,16.4506,-3213.7545610247,-695.364109016023,35.9009022059723,3156.39800461612,-1876.30976321863,349.367399552442,-2225.67716277108,-1159.778175291082
Argentina,ARG,2011Q2,4899.55232564,-781.815399596358,-3766.26911820558,157.520410844401,508.988218682458,1.15,-631.506566316237,-84.9487582620553,161.256137739978,497.614018520785,168.134831682473,-342.003386999985,510.138218682458,225.1857823054806
Argentina,ARG,2011Q3,2809.74301034,-882.780148191648,-3654.53858075814,211.465858153944,-1516.10986045585,44.622,-1390.31127575062,-142.721866306438,32.9471578232777,1176.56133629322,-3477.04464794056,-2005.55678748471,-1471.4878604558498,-3152.686016418046
Argentina,ARG,2011Q4,2558.73346763,-636.172594436263,-4154.26811797249,140.775456928025,-2090.93178785073,0.501246223564955,-4116.35854158994,779.800577308176,2126.07720252451,3164.11736601145,-66.983395745804,2023.44714588136,-2090.430541627165,-2019.556444648472
Argentina,ARG,2012Q1,3047.27200551,-1223.25851960607,-3756.49834392929,150.015475298524,-1782.46938272684,0.850000000000001,-4153.61051060202,-1906.2137926231,9.051,3376.18482908301,-2004.78847414211,-223.169091415274,-1781.61938272684,670.0136002884911
Argentina,ARG,2012Q2,4601.25109001001,-1028.77341972023,-3271.46285802489,197.893560870929,498.908373135819,22.1902995688196,-3611.94776919585,425.710582591144,0.588,4143.35303912095,258.873852516243,-262.224820188395,521.0986727046386,-698.7562428498416
Argentina,ARG,2012Q3,4244.94298829001,-1016.30230748321,-3329.34441346649,167.061149372726,66.3574167130282,28.495,-3106.11956191147,1401.36105002109,26.028,2885.7750357337,-519.445476156688,-614.297892869716,94.8524167130282,-1726.209381977566
Argentina,ARG,2012Q4,3147.44670273,-828.890477162337,-3396.53501163234,157.142018509711,-920.836767554967,-3.651255,-3397.40649705844,229.060485583066,2872.51446603051,1322.25602944924,-522.775515995634,401.712506559333,-924.488022554967,-1549.170991035846
Argentina,ARG,2013Q1,1011.61183509001,-1730.27634765586,-3342.83109247128,175.669419577824,-3885.82618545931,1.01575621843786,-1941.4933847272,-278.484283305519,-12.2392769807118,148.011979018129,-4667.6349659953,-782.824536754432,-3884.8104292408725,-2577.215325380994
Argentina,ARG,2013Q2,3779.55849298993,-1276.94532892786,-3280.78099706065,452.422154768643,-325.745678229941,0.2678375,-2920.37691265045,945.257380361018,-14.421741732564,3965.78139239895,-734.449881623045,-408.972040893104,-325.477840729941,-2716.79287291194
Argentina,ARG,2013Q3,1363.03014046997,-1353.91551537186,-3262.52187486657,231.30265286095,-3022.10459690751,32.6452675,-2512.58124788678,189.688974942494,1.57355806904797,667.639828800013,-4238.57888607523,-1249.11955666772,-2989.45932940751,-2584.945787849927
Argentina,ARG,2013Q4,-1518.96522763998,-967.778923383182,-3278.69361044534,-125.259563798033,-5890.69732526653,-0.5159875,-1557.23745416722,-1289.04799229205,-7.28921089979385,274.081899799387,-6524.23275755968,-633.019444793153,-5891.21331276653,-3944.924366980937
Argentina,ARG,2014Q1,-2016.89269814,-1550.79007797739,-2782.57018302287,302.698304422928,-6047.55465471733,1.728013,-38.7459372884639,-1163.7647699843,35.7638988731597,397.329696389172,-4502.53711201043,1543.28952970689,-6045.82664171733,-3733.184815648647
Argentina,ARG,2014Q2,4303.17650188,-1195.2917750873,-2984.59774162332,523.04884138855,646.335826557937,16.0170065923132,1743.90446940769,4127.19346667318,-163.084905371758,-7460.4096342644,431.613396444709,-230.739436705541,662.3528331502503,2184.108281258802
Argentina,ARG,2014Q3,1849.57759449,-1120.54936035933,-2992.04038124909,423.18612653354,-1839.82602058489,39.6978083297255,-2054.93729499552,-445.124824118168,-34.4640220985426,1350.35345748314,-2166.98268372909,-366.85447147393,-1800.1282122551645,-982.6070656625697
Argentina,ARG,2014Q4,1405.60841467,-774.660939977224,-2854.63917531193,285.710282487921,-1937.98141813124,-0.645722788303721,-2795.01534598352,-178.873479468925,-6.42187216505386,-3829.48520771088,-3082.76590532838,-1144.13876440883,-1938.6271409195438,3726.2034358465
Argentina,ARG,2015Q1,-865.750966080001,-1535.79066348573,-3223.06142489592,80.7413226038053,-5543.86173185784,9.55277,-3273.23263508599,-1184.69304457103,-12.2495902152215,-1480.60271873534,-5611.67798860758,-77.3690267497377,-5534.30896185784,339.975011163368
Argentina,ARG,2015Q2,1462.57415184,-1246.74501431644,-3088.22180539291,403.331157402339,-2469.06151046702,2.71041818889612,-3175.34099752301,-1308.4434980764,-5.41784054383772,-308.857214102431,-2497.96955024568,-31.6184579675582,-2466.351092278124,2300.080687144499
Argentina,ARG,2015Q3,-280.831808609999,-1543.56484700969,-2886.26320072738,202.73233173525,-4507.92752461182,38.5246928349827,-2449.92882729445,-414.19115333074,-0.593547051349476,-2312.60244323372,-5404.4134456958,-935.010613918962,-4469.402831776838,-227.0977978805513
Argentina,ARG,2015Q4,-1101.16776977,-1488.94416843242,-2907.0521475882,396.02968451733,-5101.13440127329,1.14131874458687,-1985.25832402834,2470.08888162796,-6.73035325592534,1856.1740834669,-4983.78823740386,116.204845124837,-5099.993082528703,-7318.060821448283
Argentina,ARG,2016Q1,176.146031199998,-2498.46491989724,-2894.77577480493,320.58403100946,-4896.5106324927,83.3685217860779,-1851.93334945286,-4678.07692947924,31.7710951878252,-1778.04418540331,-4731.28336914759,81.85874155904,-4813.142110706623,3544.985667190918
Argentina,ARG,2016Q2,1677.39627686,-1926.68333691332,-2986.86884107621,305.56461838809,-2930.59128274145,32.3255254147369,406.814663685974,-10691.4908319915,366.070462374666,5741.09927928343,-3103.70642664743,-205.440669320724,-2898.265757326713,1073.815158440123
Argentina,ARG,2016Q3,1826.47574168,-2225.0634244791,-2862.6026596624,294.070020245685,-2967.12032221582,109.379073405427,-702.901311059833,-7707.49959431554,-31.75,4355.63384528889,-4655.9290144214,-1798.18776561101,-2857.7412488103932,-569.0000308764257
Argentina,ARG,2016Q4,736.138891860004,-1801.44350424614,-3447.96346524445,202.703790520443,-4310.56428711014,140.741464131217,674.386589800825,-12178.2264992365,-144.046519212159,-87.0983957080489,-1473.13737447462,2696.6854485043,-4169.822822978923,10274.90900595631
Argentina,ARG,2017Q1,-620.283226139902,-3060.84150275438,-3777.92928623007,224.385176150762,-7234.66883897359,44.8535498426022,-3173.77641419071,-14042.87591762,-140.0,194.078028797332,-6224.36104117757,965.454247953414,-7189.815289130988,10934.37088207329
Argentina,ARG,2017Q2,-712.225826470099,-2068.68485863363,-4033.1355644407,208.735656043548,-6605.31059350088,43.5037170004316,-2020.82760505503,-3760.1830873991,6.9044,1607.33135403549,-6971.15798887182,-409.351112371367,-6561.806876500448,-2814.659100472313
Argentina,ARG,2017Q3,-1679.38193896,-2549.23692898353,-3843.01391356166,-77.0720733240714,-8148.70485482926,79.1783464237527,-3042.89511285362,-7208.31285249838,11.09,-523.176244250079,-8878.07482854497,-808.548320139469,-8069.526508405507,1879.410811066485
Argentina,ARG,2017Q4,-2435.1721159701,-2016.67530185282,-4726.2049413032,15.3848956674592,-9162.66746345865,5.50966912901984,-2123.73211216059,-10910.3676341054,25.78,-727.930257785113,-9199.59407241683,-42.4362780871961,-9157.15779432963,4532.955866371601
Argentina,ARG,2018Q1,-1665.25126064,-3396.70245322462,-4490.37197808308,155.923944879307,-9396.40174706838,23.9552895322502,-2470.52557401364,-12953.3803578827,-26.6351511044001,-249.585893317678,-9547.09576491623,-174.649307380101,-9372.446457536129,6143.888158093725
Argentina,ARG,2018Q2,-1696.42855688,-2536.80278198906,-4653.57143004043,452.415219935483,-8434.38754897401,20.9950396322502,-2210.53813907433,1874.06974309934,-4.33992840161848,-9401.61181034855,-9001.55351738603,-588.161008044272,-8413.392509341758,-14270.98440290988
Argentina,ARG,2018Q3,-745.755691700098,-1952.98564016682,-4897.81250623349,237.834227003565,-7358.71961109684,47.2861884222502,-2655.92305025862,1902.42297592843,30.437550125345,5157.07443774395,-7852.6302631604,-541.196840485812,-7311.43342267459,-12285.38022480565
Argentina,ARG,2018Q4,3364.20783103,-1048.7769106641,-4608.47441068189,398.9459463982,-1894.09754391778,18.8390004522502,-2653.80148270199,2252.96231289322,-31.5713596266062,-17871.7678347519,-1634.54123937629,240.717304089239,-1875.2585434655298,3347.68460535502
Argentina,ARG,2019Q1,2549.7567436201,-1710.01388230632,-4557.98294043967,284.564174406245,-3433.67590471965,37.3503225511039,-1968.56102855577,362.190142130131,-23.8018783345206,-1963.79290654107,-3639.07674709064,-242.751164922101,-3396.325582168546,-35.59593479577371
Argentina,ARG,2019Q2,4222.88573371,-1291.16311543983,-4839.9033394633,96.2857677564103,-1811.89495343672,139.175550717766,-380.712246064654,6026.48192396303,-44.8981211763338,-6200.257435116,-2372.77135987174,-700.051957152791,-1672.719402718954,-12602.04647244632
Argentina,ARG,2019Q3,4471.3585540001,-1285.2363921774,-4218.85963387005,224.339822637017,-808.397649410337,79.9501510477663,-1231.37446967855,-110.599153138699,33.3530325249098,14593.5231534535,-1538.16157092786,-809.714072565294,-728.4474983625706,-20199.84709204898
Argentina,ARG,2019Q4,6989.7224269701,-556.760027494369,-4115.41864814554,243.945175152292,2561.48892648249,27.4712760812374,-1545.81194189176,830.508812361013,11.0466371329628,7867.99718944675,2430.7441206668,-158.216081896931,2588.9602025637273,-4737.505766058519
Argentina,ARG,2020Q1,3925.77466793009,-985.837557507691,-3087.6357226146,264.822581730785,117.123969538585,42.4261130601901,-1593.99689369942,-675.639325425642,0.453197252497891,2846.66878739478,-511.546529692778,-671.096612291553,159.5500825987751,-1081.910233919801
Argentina,ARG,2020Q2,5340.76137818994,-295.192905360697,-2574.38893748594,392.14463316643,2863.32416850974,31.6239681174348,387.386819103626,1259.2767866839,3.49636311945675,2967.70549324801,3825.15198658468,930.203849957502,2894.948136627175,-790.3654993045953
Argentina,ARG,2020Q3,4068.9463281299,-601.718012112281,-2592.11784298799,275.294581063788,1150.40505409342,40.3515239240323,-1249.86488872772,2268.45479182862,-0.61779038559861,1642.51747061654,-375.648522642659,-1566.40510066011,1190.7565780174523,-3049.070082355955
Argentina,ARG,2020Q4,1295.2158028399,-653.534291483702,-2251.43524604071,167.262548065891,-1442.49118661862,50.3608684516685,-1250.47580402809,-1281.39047602471,7.08159952110954,3758.23473198083,-1575.83692752025,-183.706609353297,-1392.1303181669516,-1991.571709325382
Argentina,ARG,2021Q1,3241.08896199,-658.526303110674,-2503.19715395723,316.056421850085,395.421926772178,45.7775052519485,-2213.89521442746,1891.5611353144,-3.15155229257537,1055.43727284597,1409.6082485043,968.408816480171,441.1994320241265,27.84110707973746
Argentina,ARG,2021Q2,5168.1414511901,-640.663064087491,-2414.16415198499,433.386563321478,2546.7007984391,93.9022893967029,-1583.0381450697,1245.6458959761,-0.0066810909034202,-760.436799186793,1304.92242189026,-1335.68066594554,2640.603087835803,2425.222346998317
Argentina,ARG,2021Q3,6659.1888374001,-1028.20614763679,-2606.57350760899,324.159161493158,3348.56834364748,70.2672417424284,-338.682081916765,985.550739323458,0.218187633420215,116.251401984752,1215.19337335936,-2203.64221203054,3418.8355853899084,2348.795773235836
Argentina,ARG,2021Q4,3627.0463644501,-1372.69598332315,-2248.69955806914,328.443300431429,334.094123489242,43.0409838167454,-978.572500104496,817.680347020978,-12.6336820155202,4385.59260392792,571.98405863888,194.848951332893,377.1351073059874,-1774.493331912167
Argentina,ARG,2022Q1,2619.6188056598,-1910.3179177312,-2553.50638799101,447.459913848585,-1396.74558621383,34.2786063857351,-3124.54023307047,1933.59162237385,1.16851433590152,-4245.85156056301,-2243.23378624373,-880.766806415643,-1362.4669798280947,-3029.363632213603
Argentina,ARG,2022Q2,3064.5822799403,-1786.7413700495,-2958.92646063515,586.156428915885,-1094.92912182846,26.9454900999955,-4297.52858913877,1840.34778985308,2.0719972863771,-1865.6339544157,-3037.34275641502,-1969.35912468655,-1067.9836317284644,640.2876343109856
Argentina,ARG,2022Q3,1144.70506558,-1998.07187900984,-2956.28546668233,399.362025481215,-3410.29025463095,82.4289223095407,-5449.45893087142,1989.71689157809,-4.89428209786956,3381.3521042297,-3608.6062974915,-280.744965170092,-3327.8613323214095,1031.798767274744
Argentina,ARG,2022Q4,5523.1582508799,-1127.77182698437,-3059.11575231942,510.647774184728,1846.91844576084,49.0645123734765,-239.23618157762,1135.29942291526,6.10357000291067,-5435.8076325446,1435.65268108595,-460.330277048365,1895.9829581343165,1385.291292025627
Argentina,ARG,2023Q1,-353.286183210002,-2360.36921998938,-3376.67378311295,430.436090090953,-5659.89309622137,25.4152281351438,-4148.57446819442,3096.9806986785,3.08813293105217,-807.712569501461,-7859.72691428633,-2225.2490462001,-5634.477868086226,-6017.995119537579
Argentina,ARG,2023Q2,-2025.0554033198,-1580.57360014793,-3533.04983971657,561.200851139003,-6577.4779920453,42.680502922613,-4735.86055286089,333.551877354175,-1.83816207419655,7313.4861809185,-7149.11410314516,-614.316614022476,-6534.797489122687,-4723.981668516576
Argentina,ARG,2023Q3,-1373.4922948099,-1683.91851503323,-3457.15428398592,467.454499238503,-6047.11059459055,35.7594370666245,-6072.95244268835,2368.80805694573,-2.03547836770781,-2485.18391610683,-7080.18715914003,-1068.8360016161,-6011.351157523925,-4619.646762091991
Argentina,ARG,2023Q4,814.983369990099,-791.0355574006,-3135.38167685302,440.382849584472,-2671.05101467904,67.4980114544127,-5947.41211627278,-378.859441518181,10.3709854780822,6391.98984625513,-4648.09687697775,-2044.54387375312,-2603.553003224627,-1176.992508454233
Argentina,ARG,2024Q1,5006.17839327,-1205.86990616684,-3972.42314028355,377.096284596645,204.981631416253,93.11471028,-5545.09291354164,1757.02750647857,0.713849431714149,1906.45282505491,2197.225947892,1899.12960619575,298.09634169625303,1364.93029815731
Argentina,ARG,2024Q2,7118.79424033,-1096.33645075763,-3193.11520853324,781.655849756622,3610.99843079575,51.7781588954427,-1500.32541645964,-457.97206149086,-6.01942688898946,2531.31545653005,2261.05716368815,-1401.71942600304,3662.776589691193,2834.828506442006
Argentina,ARG,2024Q3,5370.7068523499,-1565.45332913518,-2737.29591504085,371.983755665379,1439.94136383925,41.5142973978752,-1938.83976726776,4082.5783212517,18.2296322257523,849.67418164231,41.0937572483062,-1440.36190398882,1481.4556612371252,-2328.72384149436
Argentina,ARG,2024Q4,4881.08482032,-1608.3219036824,-2863.54207378126,620.185598568205,1029.40644142454,63.4404355271384,243.045426312922,1660.4118236447,6.3217823801641,-5640.08518887238,-438.677529995301,-1531.52440694698,1092.8468769516783,3302.210206928534
Brazil,BRA,1990Q1,1909.0,-645.0,-4124.0,138.0,-2722.0,0.0,75.0,-7.0,0.0,-833.0,-3070.0,-348.0,-2722.0,-6871.770586624982
Brazil,BRA,1990Q2,4032.0,-961.0,-1479.0,119.0,1711.0,0.0,-101.0,-54.0,0.0,-1142.0,1661.0,-50.0,1711.0,2482.691773886195
Brazil,BRA,1990Q3,3260.0,-1094.0,-2841.0,211.0,-464.0,0.0,-154.0,-213.0,0.0,-20.0,-431.0,33.0,-464.0,-2268.712368903632
Brazil,BRA,1990Q4,1546.0,-1061.0,-3164.0,331.0,-2348.0,0.0,-144.0,-238.0,0.0,-1758.0,-2275.0,73.0,-2348.0,-2867.627898356647
Brazil,BRA,1991Q1,3481.0,-863.0,-2886.0,296.0,28.0,0.0,-331.0,-520.0,0.0,1924.0,-31.0,-59.0,28.0,-3181.02243487184
Brazil,BRA,1991Q2,3711.0,-1016.0,-2101.0,381.0,975.0,0.0,-100.0,-660.0,0.0,712.0,1722.0,747.0,975.0,766.794909633331
Brazil,BRA,1991Q3,1822.0,-1075.0,-2612.0,369.0,-1496.0,0.0,196.0,-1132.0,0.0,2429.0,-907.0,589.0,-1496.0,-3239.660990980981
Brazil,BRA,1991Q4,1564.0,-937.0,-2052.0,468.0,-957.0,0.0,146.0,-1496.0,0.0,-1331.0,-1316.0,-359.0,-957.0,230.176390754615
Brazil,BRA,1992Q1,3215.0,-459.0,-2384.0,871.0,1243.0,0.0,-846.0,-2314.0,0.0,-3079.0,1551.0,308.0,1243.0,5683.407567252129
Brazil,BRA,1992Q2,3826.0,-790.0,-1222.0,619.0,2433.0,0.0,-331.0,-3171.0,0.0,718.0,1819.0,-614.0,2433.0,4307.466590647794
Brazil,BRA,1992Q3,4259.0,-1040.0,-3120.0,348.0,447.0,0.0,-328.0,-878.0,0.0,578.0,-281.0,-728.0,447.0,-1745.289724153627
Brazil,BRA,1992Q4,3939.0,-1053.0,-1271.0,351.0,1966.0,0.0,-419.0,-8103.0,0.0,8260.0,1668.0,-298.0,1966.0,2393.422896554039
Brazil,BRA,1993Q1,4133.0,-998.0,-3545.0,323.0,-87.0,0.0,-130.0,-804.0,0.0,2264.0,-113.0,-26.0,-87.0,-2003.290836758
Brazil,BRA,1993Q2,3409.0,-1502.0,-1976.0,360.0,291.0,0.0,-185.0,-3029.0,0.0,1526.0,387.0,96.0,291.0,1724.756826502355
Brazil,BRA,1993Q3,3395.0,-1808.0,-1872.0,401.0,116.0,0.0,-271.0,-2659.0,0.0,-299.0,-824.0,-940.0,116.0,1703.487199717275
Brazil,BRA,1993Q4,3386.0,-1276.0,-2929.0,519.0,-300.0,0.0,-215.0,-5830.0,0.0,200.0,-173.0,127.0,-300.0,5465.263509027302
Brazil,BRA,1994Q1,2951.0,-969.0,-2032.0,598.0,548.0,0.0,-562.0,-4240.0,0.0,-469.0,1537.0,989.0,548.0,5975.944946800581
Brazil,BRA,1994Q2,4260.0,-1184.0,-2222.0,572.0,1426.0,0.0,-474.0,-42641.0,0.0,39774.0,1224.0,-202.0,1426.0,4774.675457853269
Brazil,BRA,1994Q3,4359.0,-1253.0,-1628.0,673.0,2151.0,0.0,-374.0,-1803.0,0.0,2962.0,1290.0,-861.0,2151.0,487.4087139625892
Brazil,BRA,1994Q4,-709.0,-1940.0,-3209.0,580.0,-5278.0,0.0,-625.0,-2451.0,0.0,2262.0,-5477.0,-199.0,-5278.0,-4639.821146381504
Brazil,BRA,1995Q1,-2334.0,-1521.0,-2613.0,806.0,-5662.0,0.0,-345.0,3510.0,0.0,-3647.0,-5542.0,120.0,-5662.0,-5059.635852523212
Brazil,BRA,1995Q2,-1933.0,-1682.0,-3855.0,1099.0,-6371.0,0.0,-835.0,-3443.0,0.0,-1346.0,-6082.0,289.0,-6371.0,-444.8151062717906
Brazil,BRA,1995Q3,812.0,-2007.0,-1695.0,911.0,-1979.0,0.0,-882.0,-7413.0,0.0,-8251.0,-1008.0,971.0,-1979.0,15561.84137792165
Brazil,BRA,1995Q4,298.0,-2285.0,-2942.0,805.0,-4124.0,0.0,-1413.0,-2399.0,0.0,-2795.0,-3708.0,416.0,-4124.0,2911.308501463948
Brazil,BRA,1996Q1,-465.0,-1417.0,-2343.0,774.0,-3451.0,6.0,-3199.0,-3690.0,0.0,-1653.0,-4555.0,-1110.0,-3445.0,4296.446162264995
Brazil,BRA,1996Q2,138.0,-1900.0,-3027.0,635.0,-4154.0,1.0,-3657.0,-5111.0,0.0,726.0,-3826.0,327.0,-4153.0,4227.985128279875
Brazil,BRA,1996Q3,-1280.0,-2399.0,-2596.0,536.0,-5739.0,25.0,-1228.0,-3543.0,0.0,382.0,-5498.0,216.0,-5714.0,-1085.979927324348
Brazil,BRA,1996Q4,-3948.0,-2241.0,-4211.0,496.0,-9904.0,7.0,-3583.0,-8488.0,0.0,-98.0,-10937.0,-1040.0,-9897.0,1243.967998512097
Brazil,BRA,1997Q1,-1066.160062,-2237.6670588855,-2189.717375025,498.844576995137,-4994.69991891537,2.75939714,-2896.89579506147,-4390.277,28.348,2332.88935915647,-5836.21977816882,-844.279256393453,-4991.94052177537,-888.3570133943138
Brazil,BRA,1997Q2,-1602.1579,-2893.32448244812,-4194.487359325,454.243747224743,-8235.72599454837,30.05463115,-4374.77900455681,-5827.665,47.907,2235.30090677204,-9155.77726614755,-950.10590274918,-8205.671363398369,-1236.381052254968
Brazil,BRA,1997Q3,-1937.500405,-3221.19954788172,-2914.87401173,413.70467188229,-7659.86929272944,28.43388252,-4565.10031319595,-6194.231,33.492,353.696651247232,-5934.63407994887,1696.80133026056,-7631.435410209439,4448.204198744581
Brazil,BRA,1997Q4,-3144.81516,-3277.77008236094,-5276.599976155,456.117610417214,-11243.0676080987,22.73510225,-6040.59519783257,3796.602,142.876,722.668509087661,-11576.2908870546,-355.958381205923,-11220.332505848699,-10197.8488239175
Brazil,BRA,1998Q1,-2101.603792,-2415.15151392393,-2319.13456833,360.1180444,-6475.77182985393,8.73010725,-3780.4639693,-12483.138,44.493,-7087.86739259262,-6855.63903122199,-388.59730861806,-6467.04172260393,16461.82204715149
Brazil,BRA,1998Q2,-245.715614000001,-2491.45948382296,-5323.692147975,329.6126048,-7731.25464099796,26.5308339,-6003.09485102,-9332.543,66.433,2129.68440710378,-10856.780183625,-3152.05637652708,-7704.72380709796,2282.664034884536
Brazil,BRA,1998Q3,-2080.786439,-3133.05002677602,-4234.95518319,368.0929594,-9080.69868956602,4.62313724,-8335.627753,7381.618,339.026,17505.3028938974,-8358.81358468374,717.261967642276,-9076.07555232602,-25244.14585716851
Brazil,BRA,1998Q4,-3199.463514,-2943.51564921978,-5962.346072805,400.1701215,-11705.1551145248,10.54242189,-7882.4103431,-3690.91,9.89299999999999,2247.41368679033,-10771.1659098491,923.446782785639,-11694.612692634799,-6280.344396112726
Brazil,BRA,1999Q1,-1079.1546,-1360.70043635305,-3881.294806805,479.447,-5841.70284315805,5.82401484,-7026.324,7473.914,100.781,4749.96576013281,-5196.78027621533,639.098552102712,-5835.87882831805,-10484.27291597506
Brazil,BRA,1999Q2,-86.8306999999995,-2027.19175315027,-5795.96854972,415.151,-7494.84000287027,35.5414921,-5287.227,-6277.02,24.355,-4002.13613536265,-7962.01484060118,-502.716329830919,-7459.29851077027,2667.759776920314
Brazil,BRA,1999Q3,-291.595483,-2191.4610826985,-3192.729111755,400.159,-5275.6266774535,2.73517137,-8754.272,-358.705,-58.045,3330.7402243236,-4609.80313350418,663.088372579324,-5272.8915060835,1254.087265058089
Brazil,BRA,1999Q4,-604.680263,-2350.32091310854,-5611.111763205,394.64,-8171.47293931354,16.57624839,-5820.19461499023,-4639.747,21.039,9786.84071478911,-6789.47679659023,1365.41989433331,-8154.8966909235405,-5280.656365698653
Brazil,BRA,2000Q1,-203.375870000002,-1717.94999981355,-2832.513118055,348.394,-4405.44498786855,3.13927926,-6643.619,-3209.23924,39.07224,1628.85807154908,-5037.4009240507,-635.095215442142,-4402.30570860855,3149.259926295659
Brazil,BRA,2000Q2,565.550700000002,-2168.86855179753,-6269.04689841,386.853,-7485.51175020753,33.23327065,-6034.389,-1135.29922,-6.10678,12552.4151516594,-5540.7744639191,1911.50401563843,-7452.27847955753,-4122.051508078593
Brazil,BRA,2000Q3,-309.253229,-2075.92237497134,-2933.36915801,361.893,-4956.65176198134,57.03711545,-8235.778,-2138.51338,108.01038,3061.86517675349,-3196.83931000808,1702.77533652326,-4899.61464653134,4007.308342215047
Brazil,BRA,2000Q4,-1841.699123,-2819.09016148182,-5446.376014285,423.925,-9683.24029876682,33.40925108,-9583.86669975,-472.005176308593,56.41129203125,1849.41576110764,-6649.4080757176,3000.42297196922,-9649.83104768682,1500.256670664451
Brazil,BRA,2001Q1,-947.576967999998,-2132.98027524997,-4426.50124400534,389.419,-7117.6394872553,11.86990569,-4617.46555497186,-2483.97818,110.43318,-655.813762141212,-5855.01170675035,1250.75787481495,-7105.7695815653,1791.874756391276
Brazil,BRA,2001Q2,326.630791,-2460.66660396386,-5370.25375244285,389.467,-7114.8225654067,64.39078105,-7465.46052817806,716.32618,189.76382,-3078.55662077658,-6503.30966839767,547.122115959034,-7050.4317843567,1132.372783145652
Brazil,BRA,2001Q3,1080.218035,-2192.26386126941,-3748.93967626998,405.805,-4455.18050253939,15.76959465,-5068.02170045773,-1678.13448,40.83548,-760.176139072663,-5481.99386452157,-1042.58295663218,-4439.41090788939,-2745.639808494176
Brazil,BRA,2001Q4,1077.379179,-1971.17381182297,-5761.47299179471,452.833,-6202.43462461768,13.65432373,-7563.99158864334,3368.79272,129.98828,2498.71912941689,-5169.82404070637,1018.95626018131,-6188.78030088768,-3596.100340803811
Brazil,BRA,2002Q1,791.382562999999,-1372.17870459047,-3427.96745671656,366.143,-3642.62059830703,8.90652749,-4192.3260729662,-2447.3041,275.1871,1835.18848341628,-3392.85594110734,240.858129709694,-3633.71407081703,1221.233988371172
Brazil,BRA,2002Q2,1235.006433,-1787.20701267062,-5598.6638415403,557.208,-5593.65642121092,37.18450662,-4415.5392102724,1542.8346228125,92.62276,-6455.85094136878,-5003.9242945281,552.547620062819,-5556.471914590919,-1539.122712542819
Brazil,BRA,2002Q3,5017.299881,-1551.70355904226,-3624.7086523065,698.584,539.471669651241,21.53932737,-1784.52395232421,3778.2061,-52.1141,2800.99578437152,1482.26856671124,921.257569690004,561.010997021241,-6187.433952614423
Brazil,BRA,2002Q4,4960.107699,-1371.52985100413,-5066.69575518111,767.88,-710.237907185245,11.64838064,-3715.70695755124,2244.8296,40.5014,3257.56470284419,21.164112716591,719.753639261836,-698.589526545245,-4760.775056195263
Brazil,BRA,2003Q1,3519.360603,-1007.87153750896,-3383.17314459859,615.791,-255.893079107557,3.14385527,-1281.19469941449,-999.14262,18.74362,-1721.88366906959,2.33770046041479,255.086924297972,-252.74922383755703,39.653777238445
Brazil,BRA,2003Q2,6312.983921,-1794.15688942456,-5203.40808965723,611.486,-73.0950580817953,30.44383223,-1562.8915379536,-2901.8968,52.2278,-298.822023229157,272.011634377548,314.662860229343,-42.6512258517953,642.236092723513
Brazil,BRA,2003Q3,7108.44191,-1740.5136286252,-3430.82299759671,878.866,2815.97128377809,23.95443717,-3399.43130388369,252.47112,108.93788,2372.53949784833,3519.35072696466,679.425006016574,2839.9257209480897,1250.119342320204
Brazil,BRA,2003Q4,6635.511868,-1572.13764082532,-6117.63035534212,760.446,-293.810128167443,25.30283018,-3650.70712973831,-1658.95644,-28.91256,10564.264935245,567.296501805802,835.803799793244,-268.507297987443,1654.220470258076
Brazil,BRA,2004Q1,5867.414384,-1011.40214485519,-4490.24956378514,738.479,1104.24167535967,22.95348288,-2402.34584456024,-2385.11706,-50.59694,3812.41234073736,1600.41308970509,473.217931465419,1127.1951582396698,3975.334884074646
Brazil,BRA,2004Q2,8505.214871,-1608.13079023443,-5667.2306533966,845.388735217373,2075.24216258634,36.43926285,-820.817877519286,6085.85806,290.66494,-1912.10338921327,2363.61030144076,251.928876004425,2111.68142543634,61.055282157886
Brazil,BRA,2004Q3,9683.718527,-1849.42786198531,-4079.01220525,772.062,4527.34045976469,-324.55046199,-205.717178602793,526.90018,294.38482,4765.32960083733,4624.64482403954,421.854826264858,4202.78999777469,-51.5806449933974
Brazil,BRA,2004Q4,8227.61896,-1985.49498785962,-5870.05390560811,880.419,1252.48906653227,52.06156917,-4910.01555907103,522.49218,142.96382,5154.96657275148,2564.62028476809,1260.06964906583,1304.55063570227,2614.306059121606
Brazil,BRA,2005Q1,8101.78020199999,-1590.26460993036,-5204.92545300543,838.401431248039,2144.99157031224,31.49617114,-2545.85372247474,-5816.89364,-91.67636,1153.56021255632,3092.93699090311,916.449249450863,2176.4877414522402,11555.18004984921
Brazil,BRA,2005Q2,11084.181406,-2808.39631429512,-7152.07327558965,845.002,1968.71381611524,129.15296342,-4186.42033133673,1315.75202,-97.86302,6710.87878104382,2980.10484798178,882.238068446542,2097.86677953524,918.2777380840248
Brazil,BRA,2005Q3,12687.017723,-2672.8899090092,-5882.83753995624,915.58,5046.87027403457,82.95544849,-2539.40957228077,153.360586250001,28.19982,10967.3173423835,6100.46355121653,970.637828691959,5129.82572252457,2451.612278587485
Brazil,BRA,2005Q4,11848.616659,-2975.8159403538,-7312.78643699064,958.785,2518.79928165556,-56.56009127,-3277.90710888676,-536.7553,201.2943,9447.26670912149,3030.80919782624,568.570007440689,2462.23919038556,12640.74004344958
Brazil,BRA,2006Q1,9052.837939,-2249.51267962075,-6802.95905195261,942.914,943.280207426642,17.61880396,-855.29874293947,-6614.49989,-37.768,3677.51487255381,1955.06933511559,994.17032372895,960.8990113866421,5787.105875908132
Brazil,BRA,2006Q2,9801.585419,-2882.46884190619,-7554.57613031084,1093.55860124,458.099048022963,48.97294432,-2023.64963700473,7308.604211875,-8.38154000000001,-6739.60792911638,911.937661942022,404.865669599059,507.07199234296303,2374.944654224532
Brazil,BRA,2006Q3,14349.598073,-3412.29294817001,-5374.6273762,1175.000505,6737.67825362999,36.59411842,-1291.38121929,-3048.01,19.529,1590.33747401557,7577.20732316373,802.93495111374,6774.27237204999,10306.72197145281
Brazil,BRA,2006Q4,11973.682458,-3180.91559636708,-7252.68452453974,1094.86007828889,2634.94241538207,76.5405483,13550.6126462964,-6727.33,-14.183,-13925.9154625765,4985.47587997685,2273.99291629478,2711.48296368207,12102.25860618955
Brazil,BRA,2007Q1,8502.598086,-3401.76873391119,-6586.56870393754,960.70911372,-525.030238128737,21.87635191,-8501.76357170004,-9447.910953125,111.185,-6337.00531228984,-805.929954120908,-302.776067902172,-503.153886218737,23369.53953369949
Brazil,BRA,2007Q2,11466.00298,-4021.31894990605,-7219.2240307444,982.8158544,1208.27585374956,120.51548269,-15776.3314120497,-14679.7394400635,136.708,-5003.15216045439,2918.4047089298,1589.61337249024,1328.79133643956,38240.92670050275
Brazil,BRA,2007Q3,9942.696342,-4175.28245636828,-6846.41634547192,1014.82907635,-64.1733834901861,34.42527842,-7002.63012437998,-11634.9068541101,217.208,6936.36084853508,648.984366936334,678.73247200652,-29.7481050701861,12133.01360404093
Brazil,BRA,2007Q4,8587.000227,-4682.67331911283,-8347.70485723643,1070.6355217,-3372.74242764927,72.54367012,3762.48383486488,-12932.9042219488,245.16,-6895.09807731329,-2079.54988411274,1220.64887341654,-3300.19875752927,13740.76345141819
Brazil,BRA,2008Q1,2387.131487,-4318.65981362676,-11210.6475581512,986.86271922,-12155.313165558,18.61615481,-4346.07510186825,-6325.28489645527,195.088,-11698.5571360823,-13957.9672365592,-1821.27022581129,-12136.697010748,8216.906672475781
Brazil,BRA,2008Q2,8119.33972900001,-5931.48259677551,-11201.3101938129,899.44676775,-8114.00629383843,44.52733424,-3785.08812294638,-7760.48170360792,185.159,-5704.21640679023,-6043.42034083323,2026.0586187652,-8069.47895959843,11021.18256609906
Brazil,BRA,2008Q3,7999.87238800001,-6292.74378329797,-11329.0858475769,984.89998373,-8637.05725914487,60.10777284,-7316.76534423787,-4705.48819049348,21.206,-1490.41473319023,-8770.71965833458,-193.770172029715,-8576.949486304871,4720.943884955385
Brazil,BRA,2008Q4,5000.60885499999,-4983.98175343187,-8064.63499586977,1352.657,-6695.35089430165,28.84536489,-9153.16170456,15838.0524403192,-89.101,19026.1460172244,4632.19642108875,11298.7019505004,-6666.50552941165,-20989.72675579002
Brazil,BRA,2009Q1,2910.26321899999,-3700.51082042461,-6483.90427659861,862.0502,-6412.10167802323,26.36160609,-5734.8187,2231.85334991139,-203.8804,183.78140040461,-4704.875449684,1680.86462224923,-6385.74007193323,-1181.671076250838
Brazil,BRA,2009Q2,10878.10602,-6062.1185272706,-8648.17979733335,801.9832,-3030.20910460395,76.44157208,-8728.7551,-4417.36135103335,-8.4035,-1399.55516596941,-1955.08721700276,998.680315521191,-2953.76753252395,12598.01124898979
Brazil,BRA,2009Q3,7097.8522,-6056.38921056084,-8545.65783491751,923.7266,-6580.46824547835,29.4111229,-8376.9811,-21073.1328895675,42.9868,8608.73990697084,-3100.89438259667,3450.16273998168,-6551.05712257835,18327.07412788044
Brazil,BRA,2009Q4,3904.093921,-6654.64763545608,-11304.8525510539,749.7522,-13305.65406551,105.00300298,-13192.2509,-28880.9921609589,13.0651,10830.3259071411,-13693.5339538178,-492.88289128785,-13200.65106253,17834.29638888953
Brazil,BRA,2010Q1,480.624633645002,-7462.83794945,-16862.12686667,767.33236523,-23077.007817245,77.79280075,-6162.62899324,-9515.31100376,25.53895778,-13111.237326125,-22603.622916025,395.592100469989,-22999.215016495,6141.534831733056
Brazil,BRA,2010Q2,6531.72133907499,-9284.97995694,-17412.23051077,793.93342397,-19371.555704665,33.79209029,-6335.31069051,-14781.78980594,-8.52838768999999,-6493.983741255,-17113.234708565,2224.52890581002,-19337.763614375,10500.47057099588
Brazil,BRA,2010Q3,4409.53550541,-10585.38792472,-18427.9686384,672.37377846,-23931.44727925,118.29375387,-19885.69755255,-21436.52221432,18.80408209,2146.08562096,-21326.73340336,2486.42012202,-23813.15352538,17831.14417789644
Brazil,BRA,2010Q4,6936.05590792,-10393.63851077,-17542.51659722,662.33191698,-20337.76728309,12.17484517,-23243.2846363,-21179.34345592,76.33352987,12726.40406039,-17016.3769419,3309.21549602001,-20325.59243792,14606.82736259564
Brazil,BRA,2011Q1,2532.34163714,-9289.66753015,-16368.65158944,890.51650822,-22235.46097423,74.47419186,-23842.06254524,-15850.51591085,74.8835542,-12430.54633114,-24399.49462419,-2238.50784181999,-22160.98678237,27650.17428580004
Brazil,BRA,2011Q2,9215.653903465,-11934.47143707,-16987.86609247,684.80611927,-19021.877506805,31.65542912,-19836.93034824,-12192.50269553,-65.76432788,-2607.023916935,-19441.084174985,-450.862097299999,-18990.222077685,15255.9813565003
Brazil,BRA,2011Q3,9577.946610655,-11755.36621631,-19138.77027841,711.91681424,-20604.273069825,111.87862799,-23697.12263325,-8397.12073255,17.52220996,-4439.104776295,-22836.199587465,-2343.80514563001,-20492.394441835,13680.01525955982
Brazil,BRA,2011Q4,6199.132051875,-11375.27759418,-17235.50692679,697.05803559,-21714.594433505,37.78650171,-18983.99567781,-4807.57983395,-29.46752673,-538.248575885,-22311.994470655,-635.186538860012,-21676.807931795,2048.687671066967
Brazil,BRA,2012Q1,1766.362569175,-11133.87409389,-15974.44583637,687.23478951,-24654.722571575,28.57247723,-28531.6087784,-4543.55856438,0.776620129999996,-3447.735141205,-24157.388725645,468.761368699994,-24626.150094345,12364.74261502334
Brazil,BRA,2012Q2,4048.88839326,-12029.81818934,-14280.37649126,754.21709871,-21507.08918863,42.45279801,-21533.2333131,-951.675651750001,15.19626356,-10155.14643805,-23211.95365507,-1747.31726445,-21464.636390620002,9412.599748901212
Brazil,BRA,2012Q3,8063.87534745,-11913.26522217,-15915.3386532,671.30342152,-19093.4251064,106.07299246,-18837.89423404,-6100.74719846,-29.42617261,1309.3798648,-22472.77462915,-3485.42251521,-18987.35211394,1185.361251444626
Brazil,BRA,2012Q4,3029.263185195,-13471.06779463,-17706.28487488,725.15501455,-27422.934469765,30.81603319,-21582.38734489,-4229.82611817,-11.17651279,5799.815202255,-24087.578149645,3304.54028693,-27392.118436575,-4063.573899857337
Brazil,BRA,2013Q1,-5608.91297168,-12386.12753057,-10429.42251975,899.05754165,-27525.40548035,97.85413866,-8047.20600642,-10008.33732989,-45.55547169,-16699.80769284,-28246.47975689,-818.928415199999,-27427.55134169,6554.867490637033
Brazil,BRA,2013Q2,1559.528184825,-13319.84360207,-7709.56930556,654.12604261,-18815.758680195,35.08131596,-24645.41868896,-5141.25303198,-73.57741823,9500.501128495,-20637.344934375,-1856.66757014,-18780.677364234998,-275.6813057131185
Brazil,BRA,2013Q3,747.685212094995,-14674.65342499,-10164.40590786,768.00681737,-23323.367303385,139.99165403,-10643.71662664,-19390.36376424,18.07854971,11346.678367425,-22632.669146805,550.706502550005,-23183.375649355,-3963.299352107805
Brazil,BRA,2013Q4,3670.67680185,-14571.71473784,-9180.21531703,1361.75462386,-18719.49862916,49.32662933,-16231.18410256,2258.1060387,-9.29414960000001,4136.89838849,-18085.44512324,584.726876589993,-18670.17199983,-8239.757572598995
Brazil,BRA,2014Q1,-6374.59387976,-12538.12940105,-13087.42278594,670.17897918,-31329.96708757,84.2166571,-16029.18753828,-14015.39854587,-357.82718075,-4567.16497491,-30202.80375354,1042.94667692999,-31245.750430469998,4767.0001985275
Brazil,BRA,2014Q2,2831.73739316001,-14560.86931742,-10603.06640217,488.17881436,-21844.01951207,16.30766891,-11249.22843545,-18100.27461618,55.37071498,2177.49206852,-19858.99228392,1968.71955924,-21827.71184316,7257.91871506105
Brazil,BRA,2014Q3,1049.30880886,-15037.7736185,-13198.48185171,622.67469415,-26564.2719672,58.66584531,-20842.83218744,-11497.3796535,503.76339683,-3915.70201929,-27788.89196299,-1283.28584110001,-26505.60612189,7963.189355205501
Brazil,BRA,2014Q4,-4245.39609818501,-14915.79138868,-12537.71300191,943.91770576,-30754.982783015,72.28838608,-18985.88119093,2196.9610092,1366.86794493,-6504.321781095,-31081.397712935,-398.703315999983,-30682.694396935,-9154.931526447386
Brazil,BRA,2015Q1,-5826.57601167,-12520.55770833,-9716.11120616,544.67985294,-27518.56507322,78.3759836,-5625.9345088,-18902.69732238,2040.76598876,-8825.50824806,-28074.2668761,-634.077786480001,-27440.189089620002,3237.596549112382
Brazil,BRA,2015Q2,7032.400714865,-12489.90153077,-9617.51185736,572.08266923,-14502.930004035,64.33309902,-13578.32050875,-9523.65150644,-290.08004913,2073.838300225,-15844.365274085,-1405.76836907,-14438.596905015002,5474.602111119439
Brazil,BRA,2015Q3,7615.826148955,-10955.48424143,-9921.20467563,685.65606332,-12575.206704785,150.67959517,-18472.37065838,8798.0552983,2191.78928176,-1585.558371275,-13915.579719755,-1491.05261013999,-12424.527109614999,-4846.80329436715
Brazil,BRA,2015Q4,8623.300796375,-9703.93510644,-8680.33360317,948.78557106,-8812.182342175,167.76917838,-23927.55068878,1789.59384857,-492.779637929999,17332.111937275,-7595.31287580499,1049.10028799001,-8644.413163795,-2296.727767651967
Brazil,BRA,2016Q1,8017.435147615,-7674.82355724,-10970.60567925,802.36076411,-9825.633324765,87.4851885,-16759.6545856,7645.28900031,-41.4905301800004,5908.903177185,-7268.759304185,2469.38883208001,-9738.148136265,-4029.875266964023
Brazil,BRA,2016Q2,14300.94288058,-10172.49187912,-8380.31142182,785.06340569,-3466.79701467,24.32411595,-11540.60194752,1480.84223906,-1467.27952955,3734.14949429,-1742.88950515,1699.58339356999,-3442.47289872,6050.150014029352
Brazil,BRA,2016Q3,11598.766561975,-8706.47756304,-11223.04298848,626.39456242,-7704.359427125,86.16064415,-11467.84177929,7659.99852344,10.4163883900002,-8866.489353575,-6371.096666385,1247.10211659001,-7618.1987829750005,6292.822502803631
Brazil,BRA,2016Q4,10627.0107613,-10102.09399127,-10968.90689248,911.95442219,-9532.03570026,75.25127133,-19833.04756994,3247.25687889,529.44874466,8330.98398258,-6808.93532699,2647.84910193999,-9456.78442893,915.299877655084
Brazil,BRA,2017Q1,13213.685575655,-9249.12833321,-12086.94407975,465.50643941,-7656.88039789501,120.40729359,-19667.54356721,7294.03219334,10.4499042900001,2081.782300245,-6950.888218335,585.584885970012,-7536.47310430501,3329.54722196812
Brazil,BRA,2017Q2,19106.54647281,-10077.1650487,-9601.22184604,436.47586758,-135.364554349999,58.83545859,-7455.52329881,1751.92403535,-308.93816727,1578.56329946,1122.70530942,1199.23440518,-76.529095759999,5554.990462885624
Brazil,BRA,2017Q3,14233.17287619,-10840.76535348,-11285.68032749,512.01934154,-7381.25346323999,146.37403756,-11775.83187123,4285.33580565,163.39799347,38.35679375,-4668.45086317,2566.42856250999,-7234.87942567999,2619.980513634127
Brazil,BRA,2017Q4,10845.439828395,-11461.22027559,-10195.78222017,721.46253264,-10090.100134725,-20.05708153,-8646.07960274,4392.53243247,840.31937362,-82.0321958749987,-9909.752137125,200.405079129997,-10110.157216255,-6416.218403748802
Brazil,BRA,2018Q1,9211.87910504,-9299.35379948,-16543.6100714,-410.57265559,-17041.65742143,-51.64634812,-20809.35565859,1250.5883745,1224.0859958,-3708.66542685,-16179.06831706,914.235452490011,-17093.303769550002,5865.313186109032
Brazil,BRA,2018Q2,14300.89614846,-9680.28223104,-12034.41507042,474.29028926,-6939.51086373999,-130.35836541,-17564.24750875,-983.592755409996,238.13328137,8447.59610752,-7474.84775319,-404.978524040012,-7069.86922914999,2386.921242392111
Brazil,BRA,2018Q3,8081.30244823,-9821.45139191,-13477.88222964,-465.66128147,-15683.69245479,-68.01408916,-17081.1135218,-1254.75205555,645.42953228,-2436.1291809,-16866.32231931,-1114.61577535999,-15751.70654395,3259.238309528589
Brazil,BRA,2018Q4,12754.313609425,-10526.56316131,-16768.11668633,386.92275719,-14153.443481025,-285.94258659,-20704.55374152,7722.53882687,645.80588915,5635.725310955,-15284.593515215,-845.207447599991,-14439.386067615,-8574.201384693473
Brazil,BRA,2019Q1,5009.5125869,-8455.21704127,-11936.56249241,-489.02786001,-15871.29480679,-313.31754196,-6897.9158965,-6425.86822293,698.1998421,-7962.9011502,-14020.67184716,2163.94050159,-16184.612348749999,6567.784483038251
Brazil,BRA,2019Q2,12187.4602084,-10676.41050239,-11116.96949239,707.87047377,-8898.04931261,-734.62701696,-8912.09025642,7549.89634484,-278.61322651,-10463.66554032,-13045.45176841,-3412.77543884,-9632.676329569998,-941.0906383455202
Brazil,BRA,2019Q3,4579.27950911998,-8998.08296494,-17910.24599216,771.33690794,-21557.71254004,-561.91290486,-18382.87858422,10245.21442921,1026.7007965,-6611.70689829,-24497.4329882,-2377.80754329998,-22119.6254449,-10774.37282599003
Brazil,BRA,2019Q4,7791.006693725,-10351.23019698,-16307.83409965,193.96524424,-18674.092358665,-1041.46302323,-12161.92251435,7847.20123534001,227.14187326,9211.461116555,-15783.649831175,3931.90555072001,-19715.555381895,-20907.5828121669
Brazil,BRA,2020Q1,-56.1145805700016,-7337.89890745,-12239.41901042,475.77654685,-19157.65595159,-635.25838425,-13779.36121535,24154.97798194,3786.92483189,-12944.44602324,-18976.21202869,816.702307149988,-19792.91433584,-20187.99923717979
Brazil,BRA,2020Q2,14239.531113415,-4978.10194648,-4320.51079655,678.18426387,5619.102634255,-265.24049635,-20628.15768542,6950.25612371,1890.38024479,16836.447492485,8477.516424885,3123.65428698,5353.862137905,3424.57409469401
Brazil,BRA,2020Q3,16863.05229323,-5952.79240297,-10886.02462055,700.19791222,724.433181929995,-892.40943945,-5372.38153893,2009.57385274,-182.68606678,-1521.76628692,530.702608010001,698.678865530006,-167.976257520005,5604.324600795838
Brazil,BRA,2020Q4,4617.12032474,-6388.29451548,-10817.98297595,489.71579901,-12099.44136768,2639.79026238,-1957.46936931,-20232.55196251,-97.88510358,19059.70422736,-6292.27027927,3167.38082602999,-9459.6511053,-3056.246282670628
Brazil,BRA,2021Q1,-2330.644312165,-5256.04598494,-13981.75564115,1090.47872897,-20477.967209285,-1092.40314471,-15251.1060563,-923.907425760002,-339.3757021,-1801.202292085,-22511.417117785,-941.046763790006,-21570.370353995,-4201.760868394755
Brazil,BRA,2021Q2,25616.971234355,-6415.66347068,-10711.33021376,607.04646514,9097.02401505499,-2013.25984788,3339.18548443,-4550.35154204,-1459.55538011,4208.195135715,6138.089247105,-945.67492006999,7083.764167174991,4603.939856712267
Brazil,BRA,2021Q3,15947.33904317,-6973.53489133,-17767.48047045,732.04695667,-8061.62936193998,-1376.37835611,-14034.60310752,1467.87037541,1036.43791159,-18760.6575857,-11675.25810832,-2237.25039027002,-9438.00771804998,18667.35543688112
Brazil,BRA,2021Q4,3078.44931726001,-8311.75154466,-16510.3984046,777.22723166,-20966.47340034,-1241.41919411,-4254.64972095,-3874.71608712,-197.45004117,-8738.69163596,-22119.29839185,88.5942025999957,-22207.89259445,-5056.105237659613
Brazil,BRA,2022Q1,9893.43356292499,-9029.61733408,-11742.37917024,767.3587993,-10111.204142095,-1512.94810781,-10376.51141002,566.30909606,-1464.74110169,-1816.382250065,-11882.307563445,-258.155313539995,-11624.152249905,1205.580835435871
Brazil,BRA,2022Q2,19824.60006416,-11227.76508057,-10581.56196107,1073.1600411,-911.566936380019,-2296.03903886,-7011.94013771,6560.04034374,839.98266854,-3479.70342157,-2297.98498807,909.620987170017,-3207.605975240019,778.9970792950463
Brazil,BRA,2022Q3,10410.15203691,-10418.28756732,-19707.92032575,1060.57353853,-18655.48231763,-1551.30829818,-19470.4130713,1297.67373634,287.450976689999,-2565.03461578,-21719.42827583,-1512.63766001999,-20206.79061581,-1279.209780199721
Brazil,BRA,2022Q4,11393.638938425,-10214.50580168,-14498.27850023,840.59287822,-12478.552485265,-1763.63991883,-4392.9049522,-5505.0007092,-1693.50193597,7476.427414245,-12132.863220925,2109.32918316999,-14242.192404095,-8001.30392806625
Brazil,BRA,2023Q1,14512.304376205,-8927.5489739,-20146.41638318,538.60008665,-14023.060894225,-1993.20052097,-16924.99226664,1134.82343967,-201.307410650001,-8492.70024944,-13652.39240051,2363.86901468498,-16016.261415195,10839.63502235654
Brazil,BRA,2023Q2,27690.09242217,-11534.58810215,-19452.34221624,716.94307526,-2579.89482095998,-2704.84888789,-7714.24967183,-3554.19268364,-1338.73825806,1163.81928999,-4721.20321279,563.540496059986,-5284.743708849979,6714.899318070477
Brazil,BRA,2023Q3,24902.556816995,-10662.62419624,-20291.08565149,834.0138193,-5217.139211435,-3057.18928257,-13967.35306707,-1351.00747164,-1353.40173451,3472.58209454,-12314.35732115,-4040.028827145,-8274.328494005,876.241246822302
Brazil,BRA,2023Q4,25170.523361415,-12153.28602226,-19598.44045874,468.51575945,-6112.68736013499,-3610.48906573,1313.01369691,-5531.06862663,-5100.95057546,-876.36895219,-7261.79728378,2461.37914208499,-9723.17642586499,2950.084625129495
Brazil,BRA,2024Q1,16301.57346947,-11273.78561383,-18002.1200705,577.12758116,-12397.2046337,-4276.66972377,-18739.39967207,1556.36111701,-197.1043084,-1106.22318269,-16305.42734512,368.447012350001,-16673.87435747,2168.072430988232
Brazil,BRA,2024Q2,20962.51968619,-13284.81244136,-17000.1408802,594.99951402,-8727.43412134999,-4274.62423096,-8973.884807,5133.85921147,2417.10775987,-17053.17057584,-15773.37903765,-2771.32068534,-13002.05835230999,2697.450068943037
Brazil,BRA,2024Q3,15223.89187068,-15591.14772471,-20524.78870955,787.78439253,-20104.26017105,-4173.06501931,-12059.06299014,-9279.34769662001,-1780.15554298,-6032.32382156,-27710.65463903,-3433.32944867001,-24277.32519036,1469.523682320802
Brazil,BRA,2024Q4,13354.30963112,-14409.45876075,-19875.60158155,965.38279988,-19965.3679113,-3545.54295788,-6978.86584105,-551.517753789994,1736.58712753,12543.62978804,-25965.57491773,-2454.66404854999,-23510.91086918,-32756.64880188809
Brazil,BRA,2025Q1,7444.86020166,-12795.96373299,-15497.45371311,753.27566407,-20095.28158037,-2853.17359619,-10581.86293779,5506.38924091,-950.99315654,-18978.65180138,-25631.47187918,-2683.01670262002,-22948.45517656,-603.602053342006
